{"mapData":[30,30,30,30,30,30,30,30,30,1,1,30,30,30,30,30,30,30,30,30,30,0,0,0,0,0,0,0,0,0,0,0,0,0,0,0,0,0,0,30,30,0,2,2,2,2,2,2,2,2,2,2,2,2,2,2,2,2,0,30,30,0,2,0,0,0,0,0,0,2,2,0,0,0,0,0,0,2,0,30,30,0,2,0,0,2,2,0,2,2,2,2,0,2,2,0,0,2,0,30,30,0,2,0,0,0,2,0,0,2,2,0,0,2,0,0,0,2,0,30,30,0,2,2,2,2,0,0,0,2,2,0,0,0,2,2,2,2,0,30,30,0,0,0,0,0,0,30,30,30,30,30,30,0,0,0,0,0,0,30,30,0,0,0,0,0,0,0,0,0,0,0,0,0,0,0,0,0,0,30,30,0,76,0,0,0,0,0,0,76,76,0,0,0,0,0,0,76,0,30,30,0,0,76,0,0,0,0,0,0,0,0,0,0,0,0,76,0,0,30,30,0,0,0,41,0,0,0,0,41,41,0,0,0,0,41,0,0,0,30,30,0,0,0,0,41,0,0,0,0,0,0,0,0,41,0,0,0,0,30,30,0,0,0,0,0,0,0,0,0,0,0,0,0,0,0,0,0,0,30,30,0,0,0,0,0,0,23,0,0,0,0,23,0,0,0,0,0,0,30,30,0,0,0,0,0,23,0,0,0,0,0,0,23,0,0,0,0,0,30,30,0,0,0,0,23,0,0,0,0,0,0,0,0,23,0,0,0,0,30,30,0,0,0,0,0,0,0,0,0,0,0,0,0,0,0,0,0,0,30,30,0,0,0,0,0,0,0,0,0,0,0,0,0,0,0,0,0,0,30,30,30,30,30,30,30,30,30,30,30,30,30,30,30,30,30,30,30,30,30],"exits":[[-1000,-1000],[9,0],[10,0]],"targetMap":"hub","playerDirX":0.025308346645483596,"playerDirY":-0.9996796924965876,"mapWidth":20,"playerPosY":18.237142499999994,"mapHeight":20,"playerPosX":9.739512499999995}