{"mapData":[1,1,1,1,1,1,1,1,1,1,1,1,1,1,1,1,1,1,1,1,1,0,0,0,0,0,0,0,0,0,0,0,0,0,0,0,0,0,0,1,1,0,2,2,2,2,2,2,2,2,2,2,2,2,2,2,2,2,0,1,1,0,2,0,0,0,0,0,0,2,2,0,0,0,0,0,0,2,0,1,1,0,2,0,0,2,2,0,2,2,2,2,0,2,2,0,0,2,0,1,1,0,2,0,0,0,2,0,0,2,2,0,0,2,0,0,0,2,0,1,1,0,2,2,2,2,0,0,0,2,2,0,0,0,2,2,2,2,0,1,1,0,0,0,0,0,0,1,1,1,1,1,1,0,0,0,0,0,0,1,1,0,0,0,0,0,0,0,0,0,0,0,0,0,0,0,0,0,0,1,1,0,12,0,0,0,0,0,0,12,12,0,0,0,0,0,0,12,0,1,1,0,0,10,0,0,0,0,0,0,0,0,0,0,0,0,10,0,0,1,1,0,0,0,5,0,0,0,0,5,5,0,0,0,0,5,0,0,0,1,1,0,0,0,0,5,0,0,0,0,0,0,0,0,5,0,0,0,0,1,1,0,0,0,0,0,0,0,0,0,0,0,0,0,0,0,0,0,0,1,1,0,0,0,0,0,0,1,0,0,0,0,1,0,0,0,0,0,0,1,1,0,0,0,0,0,1,0,0,0,0,0,0,1,0,0,0,0,0,1,1,0,0,0,0,1,0,0,0,0,0,0,0,0,1,0,0,0,0,1,1,0,0,0,0,0,0,0,0,0,0,0,0,0,0,0,0,0,0,1,1,0,0,0,0,0,0,0,0,0,0,0,0,0,0,0,0,0,0,1,1,1,1,1,1,1,1,1,1,1,1,1,1,1,1,1,1,1,1,1],"exits":[[-1000,-1000]],"targetMap":"","playerDirX":0.025308346645483596,"playerDirY":-0.9996796924965876,"mapWidth":20,"playerPosY":18.237142499999994,"mapHeight":20,"playerPosX":9.739512499999995}